{
 "Name": "naoufal dahouli",
 "Balance": 0.01651157,
 "Ammount": 0,
 "Status": "BUY",
 "LastBuy": 0.000375,
 "LastSell": 0.0003760000108741224,
 "Transactions": 0
}