{
 "Name": "naoufal dahouli",
 "Balance": 32.01800849777161,
 "Ammount": 0,
 "Status": "BUY",
 "LastBuy": 0.01777,
 "LastSell": 0.0177800003439188,
 "Transactions": 2
}