{
 "Name": "naoufal boubouh",
 "Balance": 35.76679219613592,
 "Ammount": 1953.4020860806072,
 "Status": "SELL",
 "LastBuy": 0.01831,
 "LastSell": 0.9188900008797646,
 "Transactions": 1
}