{
 "Name": "naoufal dahouli",
 "Balance": 0.2127835,
 "Ammount": 0,
 "Status": "BUY",
 "LastBuy": 0.000172,
 "LastSell": 0.0003769999893847853,
 "Transactions": 8
}