{
 "Name": "naoufal dahouli",
 "Balance": 3.8461033614714206,
 "Ammount": 10423.044340030949,
 "Status": "BUY",
 "LastBuy": 0.000369,
 "LastSell": 0.9,
 "Transactions": 0
}