{
 "Name": "naoufal dahouli",
 "Balance": 32.380952810247734,
 "Ammount": 76550.71586346983,
 "Status": "SELL",
 "LastBuy": 0.000423,
 "LastSell": 0.0004250000056345016,
 "Transactions": 3
}